device_id,timestamp,accuracy,heading_d,latitude,longitude
Lema,2000-01-01T08:20:23Z,6,87,-24.222258,30.919838
Lema,2000-01-01T08:20:27Z,6,85,-24.22224,30.92013
Lema,2000-01-01T08:20:30Z,6,81,-24.222212,30.920336
Lema,2000-01-01T08:20:33Z,6,82,-24.222183,30.920528
Lema,2000-01-01T08:20:37Z,6,79,-24.222157,30.920738
Lema,2000-01-01T08:20:41Z,6,86,-24.222128,30.92099
Lema,2000-01-01T08:20:45Z,7,83,-24.222116,30.921272
Lema,2000-01-01T08:20:48Z,6,85,-24.222095,30.92149
Lema,2000-01-01T08:20:51Z,6,85,-24.22208,30.9217
Lema,2000-01-01T08:20:55Z,6,86,-24.222063,30.92201
Lema,2000-01-01T08:20:59Z,6,83,-24.222036,30.92228
Lema,2000-01-01T08:21:03Z,6,87,-24.222029,30.922487
Lema,2000-01-01T08:21:06Z,6,86.9,-24.222006,30.922665
Lema,2000-01-01T08:21:10Z,6,81.5,-24.221994,30.922886
Lema,2000-01-01T08:21:13Z,6,81,-24.22196,30.923084
Lema,2000-01-01T08:21:16Z,6,80,-24.22193,30.923267
Lema,2000-01-01T08:21:20Z,6,74,-24.221886,30.923529
Lema,2000-01-01T08:21:24Z,6,86,-24.221851,30.923752
Lema,2000-01-01T08:21:27Z,6,86,-24.221846,30.923927
Lema,2000-01-01T08:21:31Z,6,79,-24.221832,30.924185
Lema,2000-01-01T08:21:34Z,6,86,-24.221806,30.924416
Lema,2000-01-01T08:21:38Z,7,84,-24.221785,30.924667
Lema,2000-01-01T08:21:41Z,8,83,-24.221767,30.924866
Lema,2000-01-01T08:21:45Z,8,80,-24.22175,30.92515
Lema,2000-01-01T08:21:49Z,7,81,-24.221714,30.925394
Lema,2000-01-01T08:21:52Z,6,83,-24.221691,30.925562
Lema,2000-01-01T08:21:55Z,6,82,-24.221668,30.925735
Lema,2000-01-01T08:21:59Z,6,85,-24.221642,30.925978
Lema,2000-01-01T08:22:03Z,7,81,-24.221617,30.926249
Lema,2000-01-01T08:22:07Z,8,79,-24.221573,30.92652
Lema,2000-01-01T08:22:11Z,6,78,-24.221523,30.92675
Lema,2000-01-01T08:22:14Z,5,82,-24.221498,30.926971
Lema,2000-01-01T08:22:18Z,6,72,-24.22146,30.927273
Lema,2000-01-01T08:22:21Z,6,68,-24.221394,30.92748
Lema,2000-01-01T08:22:25Z,6,73,-24.221333,30.927711
Lema,2000-01-01T08:22:28Z,4,74,-24.221292,30.927883
Lema,2000-01-01T08:22:32Z,4,76,-24.221231,30.928112
Lema,2000-01-01T08:22:36Z,4,82,-24.221191,30.928345
Lema,2000-01-01T08:22:40Z,4,73,-24.221128,30.928629
Lema,2000-01-01T08:22:44Z,4,73,-24.221067,30.928837
Lema,2000-01-01T08:22:48Z,4,77,-24.22102,30.929094
Lema,2000-01-01T08:22:51Z,4,83,-24.221,30.929306
Lema,2000-01-01T08:22:55Z,4,68,-24.220943,30.929571
Lema,2000-01-01T08:22:59Z,6,68,-24.220852,30.9298
Lema,2000-01-01T08:23:03Z,8,69,-24.220768,30.930037
Lema,2000-01-01T08:23:06Z,8,74,-24.220713,30.930223
Lema,2000-01-01T08:23:10Z,7,82,-24.220654,30.930504
Lema,2000-01-01T08:23:14Z,6,77,-24.220602,30.930817
Lema,2000-01-01T08:23:17Z,6,80,-24.220564,30.931055
Lema,2000-01-01T08:23:20Z,6,76,-24.220535,30.931242
Lema,2000-01-01T08:23:24Z,6,73,-24.220484,30.931467
Lema,2000-01-01T08:23:27Z,6,76,-24.220432,30.931696
Lema,2000-01-01T08:23:31Z,6,76,-24.220358,30.932013
Lema,2000-01-01T08:23:35Z,6,69,-24.220272,30.932304
Lema,2000-01-01T08:23:39Z,6,73,-24.220213,30.932514
Lema,2000-01-01T08:23:43Z,6,73,-24.220144,30.932783
Lema,2000-01-01T08:23:47Z,4,78,-24.220087,30.933084
Lema,2000-01-01T08:23:51Z,5,79,-24.220026,30.933392
Lema,2000-01-01T08:23:54Z,5,83,-24.22,30.933617
Lema,2000-01-01T08:23:57Z,5,72.2,-24.219963,30.93382
Lema,2000-01-01T08:24:01Z,4,73,-24.219885,30.934065
Lema,2000-01-01T08:24:05Z,4,73,-24.219845,30.934294
Lema,2000-01-01T08:24:09Z,6,66.7,-24.21979,30.934423
Lema,2000-01-01T08:24:13Z,6,78,-24.219711,30.934671
Lema,2000-01-01T08:24:17Z,5,76,-24.21965,30.934978
Lema,2000-01-01T08:24:20Z,5,74,-24.2196,30.935211
Lema,2000-01-01T08:24:24Z,5,74,-24.219526,30.935509
Lema,2000-01-01T08:24:27Z,5,74,-24.219467,30.935732
Lema,2000-01-01T08:24:31Z,5,76,-24.219398,30.936024
Lema,2000-01-01T08:24:35Z,5,77,-24.219349,30.936329
Lema,2000-01-01T08:24:38Z,4,80,-24.2193,30.936577
Lema,2000-01-01T08:24:42Z,4,79,-24.219255,30.936846
Lema,2000-01-01T08:24:45Z,4,74,-24.219225,30.936968
Lema,2000-01-01T08:24:48Z,4,75,-24.219193,30.937103
Lema,2000-01-01T08:24:51Z,4,72,-24.219152,30.93725
Lema,2000-01-01T08:24:55Z,4,76,-24.21912,30.937384
Lema,2000-01-01T08:24:59Z,4,77,-24.219069,30.93764
Lema,2000-01-01T08:25:02Z,6,76,-24.219028,30.937843
Lema,2000-01-01T08:25:06Z,8,75,-24.218954,30.9381
Lema,2000-01-01T08:25:09Z,8,79,-24.218916,30.938282
Lema,2000-01-01T08:25:12Z,8,77,-24.21888,30.938456
Lema,2000-01-01T08:25:15Z,8,77,-24.218843,30.938608
Lema,2000-01-01T08:25:19Z,8,73,-24.2188,30.938812
Lema,2000-01-01T08:25:23Z,8,77,-24.218742,30.939053
Lema,2000-01-01T08:25:26Z,8,74,-24.218704,30.939253
Lema,2000-01-01T08:25:30Z,7,75,-24.21864,30.939495
Lema,2000-01-01T08:25:33Z,6,74,-24.218596,30.939695
Lema,2000-01-01T08:25:37Z,7,77,-24.218536,30.939934
Lema,2000-01-01T08:25:40Z,6,74,-24.218493,30.94012
Lema,2000-01-01T08:25:43Z,6,75,-24.218449,30.94029
Lema,2000-01-01T08:25:47Z,6,75.1,-24.218405,30.940496
Lema,2000-01-01T08:25:50Z,6,72,-24.218348,30.940674
Lema,2000-01-01T08:25:53Z,4,81,-24.218306,30.940838
Lema,2000-01-01T08:25:57Z,5,75,-24.218256,30.9411
Lema,2000-01-01T08:26:01Z,6,74,-24.218184,30.94136
Lema,2000-01-01T08:26:04Z,5,76,-24.218147,30.941517
Lema,2000-01-01T08:26:08Z,4,82,-24.218102,30.9418
Lema,2000-01-01T08:26:11Z,4,80,-24.218073,30.942017
Lema,2000-01-01T08:26:15Z,4,76,-24.218027,30.942234
Lema,2000-01-01T08:26:18Z,5,75,-24.217966,30.942492
Lema,2000-01-01T08:26:22Z,4,75,-24.217913,30.942734
Lema,2000-01-01T08:26:25Z,4,74,-24.21786,30.942957
Lema,2000-01-01T08:26:29Z,4,73,-24.217793,30.943254
Lema,2000-01-01T08:26:33Z,4,75,-24.217728,30.9435
Lema,2000-01-01T08:26:37Z,4,75,-24.217655,30.943808
Lema,2000-01-01T08:26:40Z,5,73,-24.217598,30.944038
Lema,2000-01-01T08:26:43Z,6,74,-24.217545,30.944252
Lema,2000-01-01T08:26:47Z,7,80,-24.217491,30.944546
Lema,2000-01-01T08:26:51Z,6,76,-24.21743,30.944807
Lema,2000-01-01T08:26:55Z,7,75,-24.21738,30.945044
Lema,2000-01-01T08:26:58Z,6,77,-24.217333,30.945215
Lema,2000-01-01T08:27:02Z,7,80,-24.217283,30.945469
Lema,2000-01-01T08:27:06Z,7,74,-24.217243,30.945688
Lema,2000-01-01T08:27:10Z,6,74,-24.217178,30.945946
Lema,2000-01-01T08:27:14Z,6,77,-24.217115,30.94623
Lema,2000-01-01T08:27:18Z,6,77,-24.217056,30.94654
Lema,2000-01-01T08:27:21Z,8,76,-24.21702,30.946749
Lema,2000-01-01T08:27:25Z,8,78,-24.216969,30.947027
Lema,2000-01-01T08:27:28Z,8,78,-24.216915,30.947258
Lema,2000-01-01T08:27:32Z,8,76,-24.216852,30.947554
Lema,2000-01-01T08:27:35Z,8,74,-24.2168,30.947767
Lema,2000-01-01T08:27:39Z,7,75,-24.21672,30.94809
Lema,2000-01-01T08:27:42Z,6,74,-24.21666,30.94832
Lema,2000-01-01T08:27:46Z,6,74,-24.21658,30.948624
Lema,2000-01-01T08:27:49Z,5,78,-24.216522,30.948853
Lema,2000-01-01T08:27:53Z,4,77,-24.21646,30.949177
Lema,2000-01-01T08:27:57Z,4,76,-24.216389,30.949509
Lema,2000-01-01T08:28:01Z,4,75,-24.216314,30.949833
Lema,2000-01-01T08:28:04Z,4,74,-24.21626,30.950071
Lema,2000-01-01T08:28:07Z,6,76,-24.216206,30.950308
Lema,2000-01-01T08:28:10Z,5,75,-24.21615,30.950537
Lema,2000-01-01T08:28:14Z,4,75,-24.216072,30.95086
Lema,2000-01-01T08:28:18Z,5,73,-24.215996,30.951172
Lema,2000-01-01T08:28:21Z,5,76,-24.215937,30.95141
Lema,2000-01-01T08:28:24Z,4,78,-24.21588,30.951666
Lema,2000-01-01T08:28:28Z,4,76,-24.215816,30.951977
Lema,2000-01-01T08:28:31Z,5,77,-24.21576,30.952215
Lema,2000-01-01T08:28:35Z,6,74,-24.215685,30.952526
Lema,2000-01-01T08:28:39Z,5,75,-24.215618,30.95284
Lema,2000-01-01T08:28:42Z,5,75,-24.215565,30.953075
Lema,2000-01-01T08:28:46Z,5,75,-24.215492,30.953371
Lema,2000-01-01T08:28:49Z,5,75,-24.215437,30.953602
Lema,2000-01-01T08:28:52Z,6,74,-24.215384,30.953815
Lema,2000-01-01T08:28:56Z,6,69.1,-24.215338,30.954023
Lema,2000-01-01T08:28:59Z,6,24,-24.215263,30.954128
Lema,2000-01-01T08:29:02Z,6,13,-24.215092,30.954208
Lema,2000-01-01T08:29:06Z,6,348.2,-24.214895,30.954214
Lema,2000-01-01T08:29:10Z,7,347,-24.214828,30.954165
Lema,2000-01-01T08:29:13Z,6,349,-24.214697,30.954117
Lema,2000-01-01T08:29:17Z,5,340,-24.214493,30.954033
Lema,2000-01-01T08:29:21Z,4,339,-24.214304,30.953947
Lema,2000-01-01T08:29:25Z,5,334,-24.214092,30.95385
Lema,2000-01-01T08:29:28Z,6,338.5,-24.213932,30.953768
Lema,2000-01-01T08:29:32Z,8,357.9,-24.213678,30.953709
Lema,2000-01-01T08:29:36Z,8,5,-24.213375,30.953762
Lema,2000-01-01T08:29:39Z,8,5,-24.21324,30.953793
Lema,2000-01-01T08:29:43Z,8,358.1,-24.213049,30.953833
Lema,2000-01-01T08:29:46Z,11,351.1,-24.21288,30.95382
Lema,2000-01-01T08:29:50Z,8,354,-24.212646,30.953793
Lema,2000-01-01T08:29:54Z,8,352,-24.212376,30.953756
Lema,2000-01-01T08:29:58Z,8,360,-24.212091,30.953718
Lema,2000-01-01T08:30:01Z,8,5.1,-24.211882,30.953735000000002
Lema,2000-01-01T08:30:05Z,8,357,-24.211617,30.953749
Lema,2000-01-01T08:30:08Z,8,2.9,-24.2114,30.953749
Lema,2000-01-01T08:30:12Z,8,11.1,-24.211107,30.953804
Lema,2000-01-01T08:30:15Z,8,9,-24.210909,30.953846
Lema,2000-01-01T08:30:19Z,8,8,-24.21066,30.953896
Lema,2000-01-01T08:30:23Z,8,5.1,-24.210398,30.953938
Lema,2000-01-01T08:30:26Z,8,355,-24.210163,30.953934
Lema,2000-01-01T08:30:30Z,9,7.8,-24.209864,30.953936
Lema,2000-01-01T08:30:33Z,12,19.9,-24.20966,30.953997
Lema,2000-01-01T08:30:36Z,12,18,-24.209486,30.954077
Lema,2000-01-01T08:30:40Z,9,17,-24.20924,30.954176
Lema,2000-01-01T08:30:43Z,8,8.1,-24.209068,30.95422
Lema,2000-01-01T08:30:47Z,8,354,-24.20886,30.954206
Lema,2000-01-01T08:30:51Z,8,353.1,-24.20864,30.954168
Lema,2000-01-01T08:30:54Z,8,347,-24.208475,30.95412
Lema,2000-01-01T08:30:58Z,8,350,-24.208254,30.954054
Lema,2000-01-01T08:31:01Z,8,347.2,-24.208076,30.95402
Lema,2000-01-01T08:31:04Z,8,346,-24.20788,30.95397
Lema,2000-01-01T08:31:08Z,8,354.8,-24.207657,30.95392
Lema,2000-01-01T08:31:11Z,8,5.8,-24.20752,30.953924
Lema,2000-01-01T08:31:15Z,8,8.1,-24.207373,30.953978
Lema,2000-01-01T08:31:19Z,10,3,-24.207172,30.954004
Lema,2000-01-01T08:31:22Z,12,6.2,-24.207035,30.954018
Lema,2000-01-01T08:31:25Z,12,8.9,-24.206911,30.954037
Lema,2000-01-01T08:31:29Z,12,359.5,-24.206734,30.954054
Lema,2000-01-01T08:31:33Z,12,5,-24.206566,30.954062
Lema,2000-01-01T08:31:36Z,12,0.1,-24.20642,30.954073
Lema,2000-01-01T08:31:40Z,12,340.1,-24.206207,30.954014
Lema,2000-01-01T08:31:43Z,12,346.8,-24.20602,30.95394
Lema,2000-01-01T08:31:47Z,12,3.7,-24.205755,30.953903
Lema,2000-01-01T08:31:50Z,12,10,-24.205551,30.95393
Lema,2000-01-01T08:31:54Z,10,6,-24.205296,30.953957
Lema,2000-01-01T08:31:57Z,8,20.7,-24.205135,30.95398
Lema,2000-01-01T08:32:01Z,8,53.1,-24.205,30.954138
Lema,2000-01-01T08:32:04Z,12,43.1,-24.204905,30.954268
Lema,2000-01-01T08:32:08Z,13,14.6,-24.204762,30.954374
Lema,2000-01-01T08:32:11Z,12,18.7,-24.204643,30.954412
Lema,2000-01-01T08:32:15Z,12,20,-24.204453,30.954485
Lema,2000-01-01T08:32:19Z,12,20,-24.20425,30.954563
Lema,2000-01-01T08:32:22Z,12,13,-24.204086,30.95462
Lema,2000-01-01T08:32:26Z,12,2.2,-24.203842,30.954668
Lema,2000-01-01T08:32:30Z,12,327.6,-24.203611,30.954603
Lema,2000-01-01T08:32:34Z,9,314.2,-24.203402,30.954336
Lema,2000-01-01T08:32:38Z,6,310,-24.20326,30.954107
Lema,2000-01-01T08:32:41Z,4,303.3,-24.203154,30.95396
Lema,2000-01-01T08:32:45Z,4,296.9,-24.20304,30.953712
Lema,2000-01-01T08:32:49Z,8,290.5,-24.202911,30.953434
Lema,2000-01-01T08:32:52Z,8,299.7,-24.20282,30.953217
Lema,2000-01-01T08:32:56Z,8,304.1,-24.20266,30.952951
Lema,2000-01-01T08:32:59Z,8,308,-24.20256,30.952812
Lema,2000-01-01T08:33:03Z,8,306,-24.202438,30.952644
Lema,2000-01-01T08:33:07Z,10,303.1,-24.202309,30.952448
Lema,2000-01-01T08:33:10Z,12,307.8,-24.202202,30.952282
Lema,2000-01-01T08:33:13Z,12,312,-24.20208,30.952126
Lema,2000-01-01T08:33:17Z,12,309,-24.20192,30.951923
Lema,2000-01-01T08:33:21Z,12,309,-24.201788,30.95174
Lema,2000-01-01T08:33:24Z,12,310.9,-24.201685,30.951595
Lema,2000-01-01T08:33:27Z,12,312,-24.201565,30.95145
Lema,2000-01-01T08:33:31Z,9,313,-24.20141,30.951277
Lema,2000-01-01T08:33:34Z,8,316.9,-24.201284,30.951134
Lema,2000-01-01T08:33:38Z,8,320,-24.20108,30.950958
Lema,2000-01-01T08:33:42Z,8,320,-24.200891,30.950796
Lema,2000-01-01T08:33:45Z,8,317.1,-24.200754,30.950674
Lema,2000-01-01T08:33:49Z,12,316,-24.200596,30.950506
Lema,2000-01-01T08:33:53Z,11,319.9,-24.20044,30.950342
Lema,2000-01-01T08:33:56Z,9,320.1,-24.200298,30.95022
Lema,2000-01-01T08:34:00Z,8,316.1,-24.200085,30.950027
Lema,2000-01-01T08:34:04Z,10,307.3,-24.19988,30.949793
Lema,2000-01-01T08:34:07Z,12,305,-24.199757,30.949612
Lema,2000-01-01T08:34:10Z,12,313.8,-24.199642,30.949448
Lema,2000-01-01T08:34:14Z,12,318,-24.199472,30.949286
Lema,2000-01-01T08:34:17Z,12,307.1,-24.19936,30.949167
Lema,2000-01-01T08:34:21Z,12,310.9,-24.199266,30.949036
Lema,2000-01-01T08:34:25Z,12,320,-24.199154,30.948915
Lema,2000-01-01T08:34:28Z,12,319,-24.199053,30.94882
Lema,2000-01-01T08:34:32Z,12,310.1,-24.1989,30.948675
Lema,2000-01-01T08:34:36Z,12,313,-24.198711,30.948454
Lema,2000-01-01T08:34:40Z,12,317,-24.198496,30.94822
Lema,2000-01-01T08:34:44Z,12,321,-24.198284,30.948025
Lema,2000-01-01T08:34:47Z,12,324.9,-24.198118,30.947895
Lema,2000-01-01T08:34:50Z,10,325,-24.197948,30.94778
Lema,2000-01-01T08:34:53Z,8,327,-24.19778,30.947662
Lema,2000-01-01T08:34:57Z,11,326,-24.197563,30.947515
Lema,2000-01-01T08:35:00Z,12,314.2,-24.197418,30.9474
Lema,2000-01-01T08:35:04Z,12,308,-24.19728,30.947212
Lema,2000-01-01T08:35:07Z,12,307,-24.197187,30.947067
Lema,2000-01-01T08:35:11Z,12,307,-24.197046,30.946869
Lema,2000-01-01T08:35:14Z,12,305,-24.196953,30.946732
Lema,2000-01-01T08:35:18Z,12,298.1,-24.196873,30.946592
Lema,2000-01-01T08:35:21Z,12,302,-24.1968,30.946466
Lema,2000-01-01T08:35:25Z,12,308,-24.196672,30.94627
Lema,2000-01-01T08:35:29Z,12,310,-24.196545,30.946098
Lema,2000-01-01T08:35:32Z,12,304,-24.196434,30.945951
Lema,2000-01-01T08:35:35Z,12,300,-24.196346,30.945791
Lema,2000-01-01T08:35:38Z,12,300,-24.196257,30.945627000000002
Lema,2000-01-01T08:35:42Z,12,295,-24.196154,30.945404
Lema,2000-01-01T08:35:46Z,11,296,-24.196064,30.945171
Lema,2000-01-01T08:35:50Z,8,290.2,-24.195972,30.944937
Lema,2000-01-01T08:35:53Z,6,287.9,-24.19592,30.944769
Lema,2000-01-01T08:35:57Z,6,294.9,-24.195845,30.944546
Lema,2000-01-01T08:36:00Z,6,302.9,-24.195757,30.944395
Lema,2000-01-01T08:36:04Z,4,295.1,-24.195618,30.944147
Lema,2000-01-01T08:36:07Z,4,308.8,-24.195528,30.943993
Lema,2000-01-01T08:36:11Z,4,311,-24.195383,30.943811
Lema,2000-01-01T08:36:14Z,4,326.9,-24.195284,30.943727
Lema,2000-01-01T08:36:17Z,4,334.9,-24.19514,30.94366
Lema,2000-01-01T08:36:21Z,6,335.9,-24.194946,30.943567
Lema,2000-01-01T08:36:25Z,8,332.1,-24.1948,30.943497
Lema,2000-01-01T08:36:28Z,8,331.1,-24.194712,30.943443
Lema,2000-01-01T08:36:32Z,8,321.9,-24.194555,30.94331
Lema,2000-01-01T08:36:36Z,8,331.7,-24.194395,30.943178
Lema,2000-01-01T08:36:39Z,8,335,-24.194258,30.943104
Lema,2000-01-01T08:36:43Z,7,338,-24.19405,30.943
Lema,2000-01-01T08:36:47Z,6,339,-24.193834,30.942917
Lema,2000-01-01T08:36:51Z,8,333,-24.193682,30.942837
Lema,2000-01-01T08:37:56Z,4,324,-24.193691,30.942808
Lema,2000-01-01T08:37:59Z,4,326,-24.19364,30.942747
Lema,2000-01-01T08:38:03Z,4,324,-24.19352,30.94266
Lema,2000-01-01T08:38:06Z,4,321,-24.193447,30.942596
Lema,2000-01-01T08:38:10Z,4,318.9,-24.193344,30.9425
Lema,2000-01-01T08:38:13Z,4,329.4,-24.193264,30.942438
Lema,2000-01-01T08:38:16Z,4,332,-24.193129,30.942356
Lema,2000-01-01T08:38:19Z,4,328,-24.19298,30.942265
Lema,2000-01-01T08:38:23Z,4,335,-24.192774,30.942137
Lema,2000-01-01T08:38:26Z,4,353,-24.192636,30.9421
Lema,2000-01-01T08:38:30Z,4,345,-24.192438,30.942072
Lema,2000-01-01T08:38:33Z,4,346,-24.19234,30.94204
Lema,2000-01-01T08:38:37Z,4,337.6,-24.192196,30.94199
Lema,2000-01-01T08:38:41Z,4,330,-24.192,30.941866
Lema,2000-01-01T08:38:44Z,4,338,-24.191866,30.941795
Lema,2000-01-01T08:38:48Z,4,334,-24.191734,30.94173
Lema,2000-01-01T08:38:51Z,4,351.6,-24.191656,30.94171
Lema,2000-01-01T08:38:59Z,4,166,-24.191689,30.94172
Lema,2000-01-01T08:39:11Z,4,299.2,-24.191696,30.941689
Lema,2000-01-01T08:39:14Z,4,265.1,-24.19168,30.941616
Lema,2000-01-01T08:39:32Z,4,51.8,-24.191685,30.941652
Lema,2000-01-01T08:39:36Z,4,46,-24.19165,30.941696
Lema,2000-01-01T08:39:39Z,4,47,-24.191628,30.941729
Lema,2000-01-01T08:39:46Z,4,164.5,-24.19168,30.941732
Lema,2000-01-01T08:39:49Z,4,154,-24.191795,30.94179
Lema,2000-01-01T08:39:53Z,4,154,-24.191948,30.941866
Lema,2000-01-01T08:39:57Z,4,151,-24.192152,30.941988
Lema,2000-01-01T08:40:00Z,3,161,-24.192295,30.942057
Lema,2000-01-01T08:40:04Z,3,165.4,-24.192438,30.942097
Lema,2000-01-01T08:40:08Z,3,173,-24.192656,30.94214
Lema,2000-01-01T08:40:12Z,4,154,-24.192846,30.942202
Lema,2000-01-01T08:40:16Z,4,148,-24.193035,30.942331
Lema,2000-01-01T08:40:19Z,4,152,-24.193192,30.942429
Lema,2000-01-01T08:40:23Z,3,135,-24.193386,30.942572
Lema,2000-01-01T08:40:27Z,3,144,-24.193523,30.9427
Lema,2000-01-01T08:40:30Z,4,144,-24.19366,30.942806
Lema,2000-01-01T08:40:33Z,4,145,-24.19379,30.942907
Lema,2000-01-01T08:40:37Z,3,161,-24.193975,30.942987
Lema,2000-01-01T08:40:40Z,3,154,-24.194122,30.943048
Lema,2000-01-01T08:40:43Z,3,155,-24.194263,30.943129
Lema,2000-01-01T08:40:47Z,4,147,-24.194445,30.943232
Lema,2000-01-01T08:40:51Z,3,142,-24.19458,30.943338
Lema,2000-01-01T08:40:55Z,4,143,-24.19475,30.943493
Lema,2000-01-01T08:40:59Z,4,156,-24.1949,30.943577
Lema,2000-01-01T08:41:03Z,3,157,-24.195122,30.943676
Lema,2000-01-01T08:41:06Z,3,152,-24.195292,30.943762
Lema,2000-01-01T08:41:10Z,4,130,-24.195438,30.943905
Lema,2000-01-01T08:41:13Z,3,132,-24.195528,30.944023
Lema,2000-01-01T08:41:16Z,3,117,-24.195614,30.944143
Lema,2000-01-01T08:41:20Z,4,120,-24.19573,30.9444
Lema,2000-01-01T08:41:24Z,4,114,-24.195858,30.944624
Lema,2000-01-01T08:41:28Z,5,112,-24.19594,30.944826
Lema,2000-01-01T08:41:32Z,6,112,-24.196014,30.945044
Lema,2000-01-01T08:41:36Z,4,118,-24.196098,30.945211
Lema,2000-01-01T08:41:39Z,4,112.2,-24.196129,30.945282
Lema,2000-01-01T08:41:53Z,6,295,-24.196114,30.945248
Lema,2000-01-01T08:42:01Z,6,44.7,-24.196108,30.945292
Lema,2000-01-01T08:42:05Z,6,23,-24.196005,30.945349
Lema,2000-01-01T08:42:08Z,7,27,-24.19589,30.945406
Lema,2000-01-01T08:42:12Z,8,23,-24.195707,30.945488
Lema,2000-01-01T08:42:15Z,8,18,-24.19556,30.945543
Lema,2000-01-01T08:42:19Z,8,12,-24.195353,30.945587
Lema,2000-01-01T08:42:23Z,8,10,-24.195162,30.945616
Lema,2000-01-01T08:42:27Z,8,6,-24.194994,30.945637
Lema,2000-01-01T08:42:30Z,9,4,-24.19484,30.945646
Lema,2000-01-01T08:42:33Z,12,2,-24.19468,30.945646
Lema,2000-01-01T08:42:37Z,12,350.1,-24.194468,30.94561
Lema,2000-01-01T08:42:40Z,12,351.1,-24.194311,30.945564
Lema,2000-01-01T08:42:44Z,12,343,-24.194113,30.945496
Lema,2000-01-01T08:42:47Z,15,342,-24.193964,30.945438
Lema,2000-01-01T08:42:50Z,14,340.1,-24.193825,30.94538
Lema,2000-01-01T08:42:54Z,12,343.7,-24.193687,30.945309
Lema,2000-01-01T08:42:58Z,12,356.2,-24.193542,30.945278
Lema,2000-01-01T08:43:02Z,12,6.9,-24.19338,30.945292
Lema,2000-01-01T08:43:06Z,11,16,-24.193232,30.945353
Lema,2000-01-01T08:43:09Z,7,14,-24.193111,30.945383
Lema,2000-01-01T08:43:13Z,6,10,-24.192968,30.94542
Lema,2000-01-01T08:43:17Z,8,0.8,-24.19284,30.945436
Lema,2000-01-01T08:43:20Z,8,5.8,-24.192694,30.945436
Lema,2000-01-01T08:43:25Z,7,29.1,-24.192516,30.945469
Lema,2000-01-01T08:43:28Z,6,47,-24.19242,30.945557
Lema,2000-01-01T08:43:31Z,7,32.4,-24.192327,30.945648
Lema,2000-01-01T08:43:35Z,8,43.7,-24.192207,30.945744
Lema,2000-01-01T08:43:38Z,7,51,-24.192133,30.945856
Lema,2000-01-01T08:43:41Z,6,38.1,-24.192066,30.945951
Lema,2000-01-01T08:43:44Z,6,36,-24.191994,30.946009
Lema,2000-01-01T08:43:48Z,7,32.4,-24.191856,30.946104
Lema,2000-01-01T08:43:52Z,7,56.7,-24.19176,30.946156
Lema,2000-01-01T08:44:02Z,6,79.8,-24.191742,30.94619
Lema,2000-01-01T08:44:05Z,7,88,-24.19173,30.946276
Lema,2000-01-01T08:44:09Z,8,86.9,-24.191715,30.946411
Lema,2000-01-01T08:44:13Z,8,91.1,-24.19172,30.946594
Lema,2000-01-01T08:44:16Z,8,75.2,-24.191715,30.946709
Lema,2000-01-01T08:44:20Z,10,84.9,-24.19168,30.946836
Lema,2000-01-01T08:44:24Z,12,98.9,-24.191671,30.946972
Lema,2000-01-01T08:44:27Z,10,108,-24.191704,30.947092
Lema,2000-01-01T08:44:31Z,8,102.5,-24.191746,30.94724
Lema,2000-01-01T08:44:34Z,8,74.4,-24.19174,30.947325
Lema,2000-01-01T08:44:37Z,8,80.1,-24.191715,30.947426
Lema,2000-01-01T08:44:40Z,8,80,-24.19169,30.947569
Lema,2000-01-01T08:44:44Z,8,69,-24.191645,30.947723
Lema,2000-01-01T08:44:48Z,8,78.9,-24.1916,30.947847
Lema,2000-01-01T08:44:52Z,8,94.9,-24.191587,30.94796
Lema,2000-01-01T08:44:55Z,8,79.3,-24.191591,30.948025
Lema,2000-01-01T08:44:59Z,8,15.3,-24.191547,30.948065
Lema,2000-01-01T08:45:03Z,10,27,-24.191462,30.948092
Lema,2000-01-01T08:45:06Z,12,35.9,-24.191383,30.94813
Lema,2000-01-01T08:45:10Z,12,12.2,-24.19124,30.948193
Lema,2000-01-01T08:45:13Z,12,11.5,-24.191109,30.94821
Lema,2000-01-01T08:45:16Z,12,18.7,-24.190992,30.948236
Lema,2000-01-01T08:45:20Z,12,22,-24.190865,30.94828
Lema,2000-01-01T08:45:23Z,12,19.2,-24.190784,30.948317
Lema,2000-01-01T08:45:26Z,12,18,-24.190723,30.94834
Lema,2000-01-01T08:45:29Z,54,11.7,-24.190662,30.948362
Lema,2000-01-01T08:45:32Z,35,8,-24.190613,30.94837
Lema,2000-01-01T08:45:35Z,41,25.6,-24.190550000000002,30.948393
Lema,2000-01-01T08:45:39Z,37,22.5,-24.190454,30.94845
Lema,2000-01-01T08:45:41Z,15,22.2,-24.190418,30.948471
Lema,2000-01-01T08:45:46Z,15,8.5,-24.19035,30.948494
Lema,2000-01-01T08:45:56Z,13,0,-24.190285,30.948511
Lema,2000-01-01T08:46:00Z,7,0.1,-24.190256,30.948524
Lema,2000-01-01T08:46:05Z,4,1.4,-24.19024,30.948566
Lema,2000-01-01T08:46:21Z,5,44,-24.190231,30.948605
Lema,2000-01-01T08:46:24Z,4,69.9,-24.190187,30.94868
Lema,2000-01-01T08:46:28Z,4,36.7,-24.190157,30.948755
Lema,2000-01-01T08:46:32Z,5,307.9,-24.190077,30.948805
Lema,2000-01-01T08:46:37Z,17,344.7,-24.189917,30.9488
Lema,2000-01-01T08:46:41Z,19,354.2,-24.189812,30.948786
Lema,2000-01-01T08:46:44Z,17,7.4,-24.189716,30.948809
Lema,2000-01-01T08:46:48Z,19,10.7,-24.189632,30.948824
Lema,2000-01-01T08:46:52Z,23,5.7,-24.189566,30.948845
Lema,2000-01-01T08:46:55Z,16,1,-24.189508,30.94884
Lema,2000-01-01T08:46:59Z,5,21,-24.189407,30.948854
Lema,2000-01-01T08:47:03Z,4,31,-24.189297,30.948915
Lema,2000-01-01T08:47:06Z,4,23,-24.189207,30.948969
Lema,2000-01-01T08:47:10Z,4,19,-24.18908,30.94902
Lema,2000-01-01T08:47:14Z,5,13,-24.188932,30.949072
Lema,2000-01-01T08:47:18Z,6,12.3,-24.188768,30.949118
Lema,2000-01-01T08:47:21Z,5,14.8,-24.188627,30.949148
Lema,2000-01-01T08:47:24Z,4,44,-24.188517,30.949226
Lema,2000-01-01T08:47:27Z,4,52.7,-24.188454,30.949308
Lema,2000-01-01T08:47:30Z,4,59,-24.188416,30.949385
Lema,2000-01-01T08:47:34Z,4,40,-24.18834,30.949486
Lema,2000-01-01T08:47:37Z,4,33,-24.18826,30.949549
Lema,2000-01-01T08:47:41Z,4,6.2,-24.188148,30.949615
Lema,2000-01-01T08:47:45Z,4,13.9,-24.188011,30.949615
Lema,2000-01-01T08:47:49Z,4,30.7,-24.187883,30.949677
Lema,2000-01-01T08:47:52Z,4,42,-24.187769,30.949768
Lema,2000-01-01T08:47:56Z,4,41,-24.18767,30.949892
Lema,2000-01-01T08:48:00Z,5,51.2,-24.187551,30.949997
Lema,2000-01-01T08:48:04Z,4,38.5,-24.187475,30.950151
Lema,2000-01-01T08:48:08Z,4,47.6,-24.187357,30.950245
Lema,2000-01-01T08:48:12Z,4,71,-24.187292,30.950386
Lema,2000-01-01T08:48:16Z,4,47.1,-24.187231,30.950527
Lema,2000-01-01T08:48:20Z,4,43.8,-24.187117,30.950647
Lema,2000-01-01T08:48:23Z,4,10,-24.186983,30.950712
Lema,2000-01-01T08:48:27Z,4,23,-24.186796,30.950785
Lema,2000-01-01T08:48:31Z,4,19.1,-24.186672,30.950832
Lema,2000-01-01T08:48:34Z,4,13,-24.186604,30.950851
Lema,2000-01-01T08:48:37Z,5,352.8,-24.186558,30.950855
Lema,2000-01-01T08:48:41Z,4,335,-24.186472,30.950815
Lema,2000-01-01T08:48:45Z,4,334,-24.186344,30.95074
Lema,2000-01-01T08:48:49Z,4,333.3,-24.186195,30.95066
Lema,2000-01-01T08:48:52Z,4,334,-24.186068,30.95059
Lema,2000-01-01T08:48:56Z,4,335,-24.18589,30.950493
Lema,2000-01-01T08:49:00Z,4,330.2,-24.185753,30.950417
Lema,2000-01-01T08:49:03Z,4,333.9,-24.185646,30.95035
Lema,2000-01-01T08:49:07Z,4,336,-24.185505,30.950283
Lema,2000-01-01T08:49:10Z,4,339,-24.185392,30.950235
Lema,2000-01-01T08:49:14Z,3,341.1,-24.185265,30.950191
Lema,2000-01-01T08:49:18Z,3,338.5,-24.185156,30.950142
Lema,2000-01-01T08:49:22Z,4,334,-24.18503,30.95008
Lema,2000-01-01T08:49:25Z,4,335.7,-24.184948,30.950035
Lema,2000-01-01T08:49:29Z,4,356,-24.184822,30.950016
Lema,2000-01-01T08:49:32Z,4,349,-24.184725,30.95
Lema,2000-01-01T08:49:35Z,4,312.3,-24.184645,30.949965
Lema,2000-01-01T08:49:39Z,4,314.8,-24.18456,30.949863
Lema,2000-01-01T08:49:43Z,4,324.4,-24.184456,30.949772
Lema,2000-01-01T08:49:46Z,4,334.9,-24.184387,30.94973
Lema,2000-01-01T08:56:19Z,4,334.1,-24.184362,30.94972
Lema,2000-01-01T09:18:14Z,4,334,-24.18436,30.949696
Lema,2000-01-01T09:32:03Z,8,156,-24.184387,30.949709
Lema,2000-01-01T09:42:34Z,4,79.7,-24.184387,30.949738
Lema,2000-01-01T09:46:11Z,4,160.8,-24.184408,30.949757
Lema,2000-01-01T09:56:59Z,48,231.1,-24.184263,30.949886
Lema,2000-01-01T09:57:03Z,37,137.4,-24.184298,30.94989
Lema,2000-01-01T09:57:30Z,28,189.7,-24.18434,30.949877
Lema,2000-01-01T10:00:50Z,6,124,-24.18442,30.949545
Lema,2000-01-01T10:00:53Z,12,278.5,-24.184452,30.949217
Lema,2000-01-01T10:01:00Z,33,239.8,-24.185255,30.947678
Lema,2000-01-01T10:01:04Z,10,243.9,-24.18568,30.946775
Lema,2000-01-01T10:01:08Z,8,255.1,-24.185642,30.946823
Lema,2000-01-01T10:01:15Z,6,283.6,-24.185637,30.946796
Lema,2000-01-01T10:01:21Z,7,268,-24.185644,30.946758
Lema,2000-01-01T10:01:52Z,4,20.1,-24.185616,30.946766
Lema,2000-01-01T10:02:11Z,6,101.5,-24.185646,30.946789
Lema,2000-01-01T10:02:14Z,5,119,-24.185663,30.946812
Lema,2000-01-01T10:02:18Z,4,143,-24.185707,30.946842
Lema,2000-01-01T10:02:22Z,4,144.6,-24.185732,30.946856
Lema,2000-01-01T10:02:59Z,3,309,-24.185703,30.946829
Lema,2000-01-01T10:03:02Z,3,301,-24.185682,30.946783
Lema,2000-01-01T10:03:05Z,3,320,-24.18566,30.946756
Lema,2000-01-01T10:03:09Z,3,329.1,-24.185583,30.946714
Lema,2000-01-01T10:03:12Z,3,345.9,-24.185484,30.946665
Lema,2000-01-01T10:03:16Z,3,354,-24.185331,30.946615
Lema,2000-01-01T10:03:20Z,3,16.7,-24.185177,30.946632
Lema,2000-01-01T10:03:24Z,3,19,-24.18502,30.94669
Lema,2000-01-01T10:03:27Z,3,10,-24.184929,30.946712
Lema,2000-01-01T10:03:30Z,3,13,-24.184835,30.94673
Lema,2000-01-01T10:03:34Z,3,351.4,-24.184711,30.946764
Lema,2000-01-01T10:03:38Z,3,337.2,-24.184622,30.946732
Lema,2000-01-01T10:03:41Z,3,338,-24.184544,30.946692
Lema,2000-01-01T10:03:45Z,4,341.9,-24.184448,30.946651
Lema,2000-01-01T10:03:49Z,9,354.4,-24.184368,30.946629
Lema,2000-01-01T10:03:52Z,8,330,-24.18441,30.946634
Lema,2000-01-01T10:05:05Z,4,337,-24.184368,30.946629
Lema,2000-01-01T10:05:08Z,4,320.9,-24.184282,30.946575
Lema,2000-01-01T10:05:11Z,3,307,-24.184229,30.946514
Lema,2000-01-01T10:05:15Z,3,318.4,-24.184175,30.946442
Lema,2000-01-01T10:05:19Z,2,342,-24.184092,30.9464
Lema,2000-01-01T10:05:22Z,2,349,-24.18402,30.94638
Lema,2000-01-01T10:05:26Z,3,342,-24.183931,30.94636
Lema,2000-01-01T10:05:30Z,2,336,-24.183838,30.946316
Lema,2000-01-01T10:05:33Z,2,327,-24.183762,30.946272
Lema,2000-01-01T10:05:36Z,2,319.1,-24.183706,30.946224
Lema,2000-01-01T10:05:40Z,2,290.3,-24.183664,30.946169
Lema,2000-01-01T10:05:43Z,2,268.1,-24.18366,30.946106
Lema,2000-01-01T10:05:47Z,2,277,-24.18366,30.946009
Lema,2000-01-01T10:05:50Z,2,269,-24.183647,30.945925
Lema,2000-01-01T10:05:53Z,2,256.1,-24.18366,30.94586
Lema,2000-01-01T10:05:57Z,2,258,-24.183683,30.945744
Lema,2000-01-01T10:06:01Z,1,240,-24.183727,30.945623
Lema,2000-01-01T10:06:04Z,2,240,-24.183771,30.94554
Lema,2000-01-01T10:06:08Z,2,233,-24.183842,30.945423
Lema,2000-01-01T10:06:12Z,2,242.9,-24.183914,30.945314
Lema,2000-01-01T10:06:16Z,2,254,-24.183945,30.945175
Lema,2000-01-01T10:06:20Z,2,238,-24.184008,30.945057
Lema,2000-01-01T10:06:23Z,1,239,-24.184055,30.944963
Lema,2000-01-01T10:06:27Z,1,231,-24.184122,30.944847
Lema,2000-01-01T10:06:30Z,1,227,-24.184193,30.944769
Lema,2000-01-01T10:06:34Z,2,250.8,-24.184254,30.944654
Lema,2000-01-01T10:06:38Z,2,233.1,-24.184303,30.944525
Lema,2000-01-01T10:06:41Z,2,223.7,-24.184353,30.944475
Lema,2000-01-01T10:06:48Z,2,245,-24.184368,30.94445
Lema,2000-01-01T10:06:51Z,2,265.7,-24.184374,30.944412
Lema,2000-01-01T10:06:54Z,2,304.9,-24.18436,30.944365
Lema,2000-01-01T10:06:58Z,3,310,-24.184307,30.944298
Lema,2000-01-01T10:07:01Z,3,275.2,-24.184282,30.944237
Lema,2000-01-01T10:07:05Z,2,298,-24.18426,30.94412
Lema,2000-01-01T10:07:09Z,3,285.2,-24.184198,30.94398
Lema,2000-01-01T10:07:12Z,2,257.3,-24.184193,30.943848
Lema,2000-01-01T10:07:15Z,2,261.8,-24.18422,30.94371
Lema,2000-01-01T10:07:19Z,3,260,-24.184242,30.94352
Lema,2000-01-01T10:07:23Z,3,226.1,-24.18428,30.943382
Lema,2000-01-01T10:07:26Z,3,213,-24.18436,30.94332
Lema,2000-01-01T10:07:30Z,2,223.9,-24.18448,30.943253
Lema,2000-01-01T10:07:33Z,2,267,-24.1845,30.94315
Lema,2000-01-01T10:07:37Z,2,250.1,-24.184504,30.943012
Lema,2000-01-01T10:07:40Z,2,241,-24.184546,30.942934
Lema,2000-01-01T10:07:44Z,2,259,-24.1846,30.94278
Lema,2000-01-01T10:07:48Z,2,257,-24.184628,30.94262
Lema,2000-01-01T10:07:51Z,2,257,-24.184652,30.942509
Lema,2000-01-01T10:07:55Z,2,262,-24.184671,30.942354
Lema,2000-01-01T10:07:58Z,3,287,-24.184671,30.942251
Lema,2000-01-01T10:08:01Z,2,271.1,-24.184652,30.942171
Lema,2000-01-01T10:08:05Z,3,251,-24.184671,30.942043
Lema,2000-01-01T10:08:08Z,2,245,-24.184715,30.94194
Lema,2000-01-01T10:08:11Z,2,245,-24.18476,30.941845
Lema,2000-01-01T10:08:15Z,2,252,-24.184795,30.941734
Lema,2000-01-01T10:08:19Z,3,254.1,-24.184824,30.941631
Lema,2000-01-01T10:08:22Z,3,261,-24.18484,30.941557
Lema,2000-01-01T10:08:26Z,3,209.2,-24.184875,30.941437
Lema,2000-01-01T10:08:29Z,2,177,-24.18495,30.941416
Lema,2000-01-01T10:08:32Z,3,175.9,-24.185003,30.941423
Lema,2000-01-01T10:09:54Z,4,192,-24.185034,30.941437
Lema,2000-01-01T10:09:57Z,4,196.9,-24.18511,30.941427
Lema,2000-01-01T10:10:01Z,3,223,-24.185204,30.941362
Lema,2000-01-01T10:10:05Z,3,231,-24.185272,30.94128
Lema,2000-01-01T10:10:08Z,3,236.8,-24.185318,30.941223
Lema,2000-01-01T10:10:12Z,3,241,-24.185354,30.941122
Lema,2000-01-01T10:10:16Z,3,247,-24.185398,30.941029
Lema,2000-01-01T10:10:20Z,2,268,-24.185425,30.940905
Lema,2000-01-01T10:10:24Z,2,270,-24.185415,30.940777
Lema,2000-01-01T10:10:28Z,2,268.8,-24.18542,30.94068
Lema,2000-01-01T10:10:43Z,2,89,-24.185425,30.940712
Lema,2000-01-01T10:11:34Z,4,72,-24.18542,30.940742
Lema,2000-01-01T10:11:41Z,4,64,-24.185415,30.94078
Lema,2000-01-01T10:11:44Z,4,63,-24.1854,30.940811
Lema,2000-01-01T10:12:08Z,2,129,-24.185408,30.940844
Lema,2000-01-01T10:12:11Z,3,95,-24.185429,30.940886
Lema,2000-01-01T10:12:15Z,3,77,-24.185415,30.940956
Lema,2000-01-01T10:12:18Z,3,69,-24.185396,30.941025
Lema,2000-01-01T10:12:22Z,3,64,-24.18536,30.941113
Lema,2000-01-01T10:12:26Z,3,60,-24.185318,30.941206
Lema,2000-01-01T10:12:30Z,3,50,-24.185251,30.941298
Lema,2000-01-01T10:12:33Z,2,43,-24.185194,30.94136
Lema,2000-01-01T10:12:37Z,2,9.2,-24.185106,30.941412
Lema,2000-01-01T10:12:41Z,2,358,-24.185036,30.941414
Lema,2000-01-01T10:12:44Z,2,182,-24.185064,30.94141
Lema,2000-01-01T10:12:47Z,2,184,-24.185097,30.94141
Lema,2000-01-01T10:14:06Z,4,290.6,-24.185102,30.94138
Lema,2000-01-01T10:14:10Z,3,281.9,-24.18508,30.941307
Lema,2000-01-01T10:14:14Z,3,295,-24.185043,30.94122
Lema,2000-01-01T10:14:17Z,3,262,-24.185036,30.941149
Lema,2000-01-01T10:14:21Z,3,273.5,-24.185047,30.941076
Lema,2000-01-01T10:14:24Z,3,286,-24.185032,30.94101
Lema,2000-01-01T10:14:28Z,3,291,-24.18499,30.9409
Lema,2000-01-01T10:14:31Z,2,288.1,-24.184973,30.94084
Lema,2000-01-01T10:14:37Z,2,286,-24.18496,30.940807
Lema,2000-01-01T10:14:40Z,2,265.1,-24.184952,30.940746
Lema,2000-01-01T10:14:43Z,2,220.7,-24.184977,30.9407
Lema,2000-01-01T10:14:47Z,3,208.5,-24.185036,30.940683
Lema,2000-01-01T10:14:51Z,3,212,-24.18512,30.940624
Lema,2000-01-01T10:14:54Z,3,233.8,-24.18518,30.940578
Lema,2000-01-01T10:14:58Z,3,224.2,-24.18523,30.940498
Lema,2000-01-01T10:15:02Z,2,186,-24.185308,30.94046
Lema,2000-01-01T10:15:05Z,3,180,-24.185375,30.94046
Lema,2000-01-01T10:15:08Z,3,183,-24.185455,30.940458
Lema,2000-01-01T10:15:12Z,3,187.9,-24.185553,30.940453
Lema,2000-01-01T10:15:16Z,2,216,-24.185623,30.9404
Lema,2000-01-01T10:15:20Z,2,204,-24.185726,30.940348
Lema,2000-01-01T10:15:24Z,2,219,-24.185814,30.940285
Lema,2000-01-01T10:15:27Z,2,234,-24.185863,30.940214
Lema,2000-01-01T10:15:31Z,2,232,-24.185934,30.940098
Lema,2000-01-01T10:15:35Z,2,233,-24.186014,30.939997
Lema,2000-01-01T10:15:38Z,2,241.1,-24.186071,30.93989
Lema,2000-01-01T10:15:42Z,2,238.8,-24.18616,30.939732
Lema,2000-01-01T10:15:46Z,2,242,-24.186235,30.939575
Lema,2000-01-01T10:15:50Z,2,232,-24.186323,30.939436
Lema,2000-01-01T10:15:54Z,2,255,-24.18639,30.939308
Lema,2000-01-01T10:15:57Z,2,283.3,-24.186394,30.93922
Lema,2000-01-01T10:16:01Z,3,269.2,-24.186369,30.939148
Lema,2000-01-01T10:16:05Z,3,200.1,-24.186417,30.939096
Lema,2000-01-01T10:16:08Z,3,183,-24.186497,30.939089
Lema,2000-01-01T10:16:12Z,3,184,-24.18662,30.939083
Lema,2000-01-01T10:16:16Z,2,197,-24.186716,30.939058
Lema,2000-01-01T10:16:19Z,3,195.2,-24.186768,30.93904
Lema,2000-01-01T10:16:29Z,2,154.6,-24.186802,30.939035
Lema,2000-01-01T10:16:33Z,3,135,-24.186865,30.93911
Lema,2000-01-01T10:16:36Z,2,136,-24.186934,30.939182
Lema,2000-01-01T10:16:40Z,2,144,-24.18704,30.939297
Lema,2000-01-01T10:16:44Z,3,135,-24.187164,30.939394
Lema,2000-01-01T10:16:47Z,3,126,-24.187258,30.939508
Lema,2000-01-01T10:16:51Z,3,137.6,-24.187368,30.93965
Lema,2000-01-01T10:16:54Z,2,135,-24.187462,30.93974
Lema,2000-01-01T10:16:57Z,2,131.1,-24.18756,30.93985
Lema,2000-01-01T10:17:01Z,3,147,-24.187675,30.93998
Lema,2000-01-01T10:17:05Z,4,157,-24.18784,30.940054
Lema,2000-01-01T10:17:09Z,4,154,-24.18804,30.940147
Lema,2000-01-01T10:17:12Z,4,131,-24.18816,30.94024
Lema,2000-01-01T10:17:16Z,4,138,-24.188288,30.9404
Lema,2000-01-01T10:17:20Z,4,149,-24.188456,30.940529
Lema,2000-01-01T10:17:23Z,4,148,-24.188608,30.940626
Lema,2000-01-01T10:17:26Z,4,153,-24.188757,30.94072
Lema,2000-01-01T10:17:30Z,3,156,-24.188948,30.940811
Lema,2000-01-01T10:17:33Z,3,151,-24.189089,30.940886
Lema,2000-01-01T10:17:37Z,4,147,-24.189262,30.941
Lema,2000-01-01T10:17:41Z,4,151,-24.189436,30.941118
Lema,2000-01-01T10:17:44Z,4,150,-24.189571,30.941196
Lema,2000-01-01T10:17:48Z,4,158.2,-24.189713,30.941278
Lema,2000-01-01T10:17:52Z,3,164,-24.18988,30.941328
Lema,2000-01-01T10:17:56Z,3,165,-24.190054,30.941372
Lema,2000-01-01T10:18:00Z,3,150.8,-24.190191,30.94144
Lema,2000-01-01T10:18:03Z,3,150,-24.190289,30.941498
Lema,2000-01-01T10:18:07Z,4,147.1,-24.190413,30.941582
Lema,2000-01-01T10:18:11Z,4,146,-24.19056,30.941685
Lema,2000-01-01T10:18:15Z,3,160,-24.190706,30.941769
Lema,2000-01-01T10:18:19Z,3,179.8,-24.190847,30.941788
Lema,2000-01-01T10:18:23Z,4,178.1,-24.190994,30.941788
Lema,2000-01-01T10:18:27Z,4,175,-24.191153,30.941795
Lema,2000-01-01T10:18:30Z,4,170,-24.191277,30.941816
Lema,2000-01-01T10:18:34Z,4,185.5,-24.191404,30.941826
Lema,2000-01-01T10:18:38Z,4,200,-24.191504,30.941792
Lema,2000-01-01T10:18:41Z,3,191.1,-24.191595,30.94176
Lema,2000-01-01T10:18:45Z,4,169.9,-24.1917,30.941765
Lema,2000-01-01T10:18:49Z,3,148,-24.191814,30.941818
Lema,2000-01-01T10:18:52Z,3,159,-24.1919,30.941858
Lema,2000-01-01T10:18:56Z,4,152.3,-24.192007,30.941912
Lema,2000-01-01T10:18:59Z,4,147,-24.192093,30.941969
Lema,2000-01-01T10:19:03Z,4,155,-24.19219,30.942024
Lema,2000-01-01T10:19:07Z,4,162,-24.192295,30.94207
Lema,2000-01-01T10:19:11Z,3,166,-24.192404,30.942097
Lema,2000-01-01T10:19:15Z,3,170,-24.192535,30.942133
Lema,2000-01-01T10:19:19Z,3,169,-24.192684,30.942152
Lema,2000-01-01T10:19:22Z,3,156,-24.1928,30.94219
Lema,2000-01-01T10:19:25Z,3,149.3,-24.1929,30.942257
Lema,2000-01-01T10:19:29Z,3,149.1,-24.193045,30.942352
Lema,2000-01-01T10:19:33Z,3,152.8,-24.193195,30.942442
Lema,2000-01-01T10:19:36Z,4,142,-24.193308,30.942514
Lema,2000-01-01T10:19:40Z,4,139,-24.193428,30.942633
Lema,2000-01-01T10:19:43Z,4,145,-24.193537,30.942717
Lema,2000-01-01T10:19:46Z,3,144,-24.193665,30.942812
Lema,2000-01-01T10:19:49Z,3,144,-24.193775,30.942902
Lema,2000-01-01T10:19:53Z,3,159,-24.193913,30.94297
Lema,2000-01-01T10:19:56Z,3,162.4,-24.194012,30.943
Lema,2000-01-01T10:20:00Z,3,152,-24.194157,30.943071
Lema,2000-01-01T10:20:04Z,3,155,-24.194288,30.94314
Lema,2000-01-01T10:20:07Z,3,149.3,-24.1944,30.943205
Lema,2000-01-01T10:20:10Z,4,144,-24.194504,30.94328
Lema,2000-01-01T10:20:14Z,3,137.1,-24.194632,30.943388
Lema,2000-01-01T10:20:17Z,3,142,-24.194733,30.943483
Lema,2000-01-01T10:20:20Z,3,152,-24.194832,30.943542
Lema,2000-01-01T10:20:24Z,3,157,-24.195,30.94362
Lema,2000-01-01T10:20:28Z,3,156,-24.195198,30.94371
Lema,2000-01-01T10:20:32Z,4,140,-24.195374,30.943815
Lema,2000-01-01T10:20:36Z,3,129,-24.195498,30.943972
Lema,2000-01-01T10:20:40Z,3,119,-24.1956,30.944107
Lema,2000-01-01T10:20:43Z,4,119,-24.195684,30.9443
Lema,2000-01-01T10:20:47Z,4,123,-24.195816,30.94453
Lema,2000-01-01T10:20:50Z,4,112,-24.195885,30.944675
Lema,2000-01-01T10:20:53Z,4,106,-24.195925,30.944826
Lema,2000-01-01T10:20:57Z,4,113,-24.195992,30.945038
Lema,2000-01-01T10:21:00Z,4,117,-24.19607,30.945204
Lema,2000-01-01T10:21:04Z,4,114,-24.196169,30.945423
Lema,2000-01-01T10:21:08Z,3,120,-24.196257,30.945627000000002
Lema,2000-01-01T10:21:11Z,3,120,-24.196327,30.945765
Lema,2000-01-01T10:21:14Z,4,118,-24.196404,30.945908
Lema,2000-01-01T10:21:18Z,4,133,-24.19654,30.946096
Lema,2000-01-01T10:21:22Z,3,127,-24.196674,30.94627
Lema,2000-01-01T10:21:25Z,3,124,-24.19678,30.946428
Lema,2000-01-01T10:21:29Z,3,119,-24.196903,30.946644
Lema,2000-01-01T10:21:32Z,4,124,-24.19697,30.946756
Lema,2000-01-01T10:21:35Z,3,126,-24.197062,30.946892
Lema,2000-01-01T10:21:39Z,3,129,-24.197208,30.94708
Lema,2000-01-01T10:21:42Z,3,123,-24.197308,30.947231
Lema,2000-01-01T10:21:46Z,3,128,-24.197432,30.947412
Lema,2000-01-01T10:21:50Z,3,130,-24.197548,30.947586
Lema,2000-01-01T10:21:53Z,4,154,-24.197662,30.94768
Lema,2000-01-01T10:21:57Z,4,147,-24.197842,30.94778
Lema,2000-01-01T10:22:00Z,4,146,-24.197989,30.947887
Lema,2000-01-01T10:22:04Z,4,147,-24.198183,30.948029
Lema,2000-01-01T10:22:08Z,4,143,-24.19838,30.948164
Lema,2000-01-01T10:22:12Z,3,139,-24.198551,30.948338
Lema,2000-01-01T10:22:15Z,3,134,-24.19869,30.948477
Lema,2000-01-01T10:22:19Z,3,129,-24.198856,30.94868
Lema,2000-01-01T10:22:22Z,3,132,-24.198977,30.94884
Lema,2000-01-01T10:22:25Z,3,141,-24.1991,30.94896
Lema,2000-01-01T10:22:29Z,3,145,-24.199251,30.949087
Lema,2000-01-01T10:22:33Z,3,135,-24.199389,30.949202
Lema,2000-01-01T10:22:36Z,3,124,-24.199465,30.949308
Lema,2000-01-01T10:22:40Z,3,149,-24.199594,30.949455
Lema,2000-01-01T10:22:43Z,3,144,-24.199717,30.949532
Lema,2000-01-01T10:22:46Z,4,124,-24.19982,30.94965
Lema,2000-01-01T10:22:50Z,4,127,-24.199928,30.949837
Lema,2000-01-01T10:22:54Z,3,128,-24.200052,30.950016
Lema,2000-01-01T10:22:57Z,3,131,-24.200155,30.95015
Lema,2000-01-01T10:23:00Z,3,136,-24.200275,30.950283
Lema,2000-01-01T10:23:04Z,3,144,-24.200466,30.950434
Lema,2000-01-01T10:23:07Z,3,135,-24.200584,30.950548
Lema,2000-01-01T10:23:10Z,3,136,-24.200697,30.950672
Lema,2000-01-01T10:23:13Z,4,134,-24.200811,30.950798
Lema,2000-01-01T10:23:17Z,4,141,-24.200968,30.950949
Lema,2000-01-01T10:23:21Z,4,144,-24.20113,30.951096
Lema,2000-01-01T10:23:24Z,3,146,-24.201271,30.951204
Lema,2000-01-01T10:23:27Z,3,130,-24.20141,30.95133
Lema,2000-01-01T10:23:31Z,3,132,-24.201569,30.951515
Lema,2000-01-01T10:23:35Z,3,136,-24.20171,30.951674
Lema,2000-01-01T10:23:38Z,4,128,-24.201826,30.951813
Lema,2000-01-01T10:23:41Z,4,131,-24.201937,30.951952
Lema,2000-01-01T10:23:45Z,4,130,-24.202082,30.95214
Lema,2000-01-01T10:23:48Z,4,132,-24.202198,30.952278
Lema,2000-01-01T10:23:52Z,4,124,-24.20233,30.952469
Lema,2000-01-01T10:23:55Z,4,125,-24.202433,30.952633
Lema,2000-01-01T10:23:59Z,3,126,-24.202578,30.952856
Lema,2000-01-01T10:24:02Z,3,126,-24.202688,30.953012
Lema,2000-01-01T10:24:06Z,3,121,-24.202824,30.95323
Lema,2000-01-01T10:24:10Z,3,112,-24.202938,30.953484
Lema,2000-01-01T10:24:14Z,4,120,-24.203045,30.953732
Lema,2000-01-01T10:24:18Z,4,115,-24.203148,30.953947
Lema,2000-01-01T10:24:21Z,4,136.9,-24.203217,30.954046
Lema,2000-01-01T10:24:24Z,3,129,-24.203316,30.95416
Lema,2000-01-01T10:24:27Z,3,134,-24.20342,30.954288
Lema,2000-01-01T10:24:31Z,4,143,-24.203592,30.95444
Lema,2000-01-01T10:24:35Z,4,145,-24.203785,30.9546
Lema,2000-01-01T10:24:38Z,4,185,-24.203943,30.954643
Lema,2000-01-01T10:24:41Z,3,188,-24.204124,30.954613
Lema,2000-01-01T10:24:45Z,3,195,-24.20435,30.954563
Lema,2000-01-01T10:24:49Z,3,213,-24.204529,30.95448
Lema,2000-01-01T10:24:52Z,3,210.1,-24.204638,30.954395
Lema,2000-01-01T10:24:56Z,4,190.1,-24.204767,30.954351
Lema,2000-01-01T10:25:00Z,4,188.2,-24.204912,30.954342
Lema,2000-01-01T10:25:04Z,4,228.8,-24.205036,30.954266
Lema,2000-01-01T10:25:07Z,4,239.3,-24.205091,30.954166
Lema,2000-01-01T10:25:10Z,4,243,-24.205132,30.954082
Lema,2000-01-01T10:25:14Z,4,226.3,-24.205189,30.953987
Lema,2000-01-01T10:25:17Z,3,189.7,-24.205215,30.953964
Lema,2000-01-01T10:25:34Z,4,35,-24.205185,30.953987
Lema,2000-01-01T10:26:37Z,3,202.2,-24.205215,30.953962
Lema,2000-01-01T10:26:41Z,3,183,-24.205387,30.953936
Lema,2000-01-01T10:26:45Z,3,192.7,-24.20562,30.953903
Lema,2000-01-01T10:26:48Z,3,183,-24.205824,30.953856
Lema,2000-01-01T10:26:51Z,4,161,-24.206009,30.953888
Lema,2000-01-01T10:26:55Z,4,165.9,-24.206247,30.953993
Lema,2000-01-01T10:26:59Z,4,180,-24.206514,30.953993
Lema,2000-01-01T10:27:02Z,4,172,-24.2067,30.954006
Lema,2000-01-01T10:27:06Z,4,183,-24.206903,30.95402
Lema,2000-01-01T10:27:09Z,4,183,-24.207085,30.95401
Lema,2000-01-01T10:27:12Z,3,180,-24.20724,30.954004
Lema,2000-01-01T10:27:16Z,4,193.9,-24.207453,30.953983
Lema,2000-01-01T10:27:20Z,4,188,-24.207644,30.953926
Lema,2000-01-01T10:27:24Z,4,165,-24.207872,30.95394
Lema,2000-01-01T10:27:28Z,4,163,-24.208113,30.95402
Lema,2000-01-01T10:27:31Z,4,173,-24.20828,30.954054
Lema,2000-01-01T10:27:34Z,4,165,-24.20844,30.954077
Lema,2000-01-01T10:27:37Z,3,164,-24.208609,30.954126
Lema,2000-01-01T10:27:41Z,3,178,-24.208809,30.95416
Lema,2000-01-01T10:27:45Z,3,168,-24.209034,30.9542
Lema,2000-01-01T10:27:48Z,4,185,-24.209198,30.95421
Lema,2000-01-01T10:27:52Z,3,196,-24.209433,30.954128
Lema,2000-01-01T10:27:56Z,3,200,-24.209667,30.954056
Lema,2000-01-01T10:28:00Z,3,197,-24.209888,30.95396
Lema,2000-01-01T10:28:04Z,3,178,-24.21014,30.953938
Lema,2000-01-01T10:28:08Z,3,181,-24.2104,30.95396
Lema,2000-01-01T10:28:11Z,3,190,-24.210596,30.953936
Lema,2000-01-01T10:28:14Z,3,188,-24.210798,30.953894
Lema,2000-01-01T10:28:17Z,3,187,-24.210993,30.953863
Lema,2000-01-01T10:28:20Z,3,192,-24.211151,30.953836
Lema,2000-01-01T10:28:24Z,3,192,-24.211414,30.953764
Lema,2000-01-01T10:28:28Z,3,175.1,-24.211676,30.953749
Lema,2000-01-01T10:28:32Z,3,181.9,-24.211924,30.953775
Lema,2000-01-01T10:28:35Z,3,191,-24.21209,30.95374
Lema,2000-01-01T10:28:39Z,3,173,-24.212353,30.953724
Lema,2000-01-01T10:28:42Z,4,174,-24.212572,30.95376
Lema,2000-01-01T10:28:45Z,4,171,-24.21277,30.953785
Lema,2000-01-01T10:28:49Z,4,172,-24.213013,30.953829
Lema,2000-01-01T10:28:52Z,3,185.9,-24.213188,30.953836
Lema,2000-01-01T10:28:55Z,3,177,-24.213367,30.953823
Lema,2000-01-01T10:28:59Z,3,194.9,-24.213602,30.9538
Lema,2000-01-01T10:29:03Z,3,173,-24.213863,30.953762
Lema,2000-01-01T10:29:07Z,4,159.1,-24.214088,30.953829
Lema,2000-01-01T10:29:11Z,4,156.9,-24.2143,30.953947
Lema,2000-01-01T10:29:14Z,3,157,-24.214474,30.954016
Lema,2000-01-01T10:29:18Z,3,165,-24.2147,30.9541
Lema,2000-01-01T10:29:21Z,4,167,-24.214882,30.954144
Lema,2000-01-01T10:29:24Z,4,173,-24.21504,30.95418
Lema,2000-01-01T10:29:27Z,3,199,-24.215183,30.95416
Lema,2000-01-01T10:29:31Z,4,214,-24.2153,30.954082
Lema,2000-01-01T10:29:34Z,4,217,-24.215326,30.954058
Lema,2000-01-01T10:29:38Z,4,257,-24.215378,30.953943
Lema,2000-01-01T10:29:42Z,3,254,-24.215431,30.953712
Lema,2000-01-01T10:29:46Z,3,257,-24.215508,30.953417
Lema,2000-01-01T10:29:50Z,3,255,-24.21557,30.953114
Lema,2000-01-01T10:29:53Z,3,256,-24.215624,30.952904
Lema,2000-01-01T10:29:56Z,3,255,-24.215675,30.952677
Lema,2000-01-01T10:30:00Z,3,253,-24.21574,30.952389
Lema,2000-01-01T10:30:04Z,3,259,-24.215813,30.952078
Lema,2000-01-01T10:30:07Z,3,256,-24.215868,30.951824
Lema,2000-01-01T10:30:10Z,3,256,-24.215916,30.951588
Lema,2000-01-01T10:30:14Z,3,256,-24.215988,30.951267
Lema,2000-01-01T10:30:18Z,3,254,-24.216064,30.950964
Lema,2000-01-01T10:30:21Z,3,258,-24.216114,30.950714
Lema,2000-01-01T10:30:25Z,3,254,-24.216194,30.950382
Lema,2000-01-01T10:30:28Z,3,255,-24.216248,30.950155
Lema,2000-01-01T10:30:31Z,3,255,-24.216305,30.949924
Lema,2000-01-01T10:30:35Z,3,255,-24.216375,30.9496
Lema,2000-01-01T10:30:38Z,3,257,-24.216429,30.949345
Lema,2000-01-01T10:30:41Z,3,255,-24.216478,30.949097
Lema,2000-01-01T10:30:44Z,3,255,-24.216536,30.948858
Lema,2000-01-01T10:30:48Z,3,257,-24.216608,30.948534
Lema,2000-01-01T10:30:51Z,3,255,-24.216667,30.94828
Lema,2000-01-01T10:30:55Z,3,257,-24.216747,30.947931
Lema,2000-01-01T10:30:58Z,3,255,-24.216818,30.947643
Lema,2000-01-01T10:31:02Z,3,257,-24.216906,30.947256
Lema,2000-01-01T10:31:06Z,3,256,-24.216988,30.946898
Lema,2000-01-01T10:31:09Z,3,256,-24.217045,30.94665
Lema,2000-01-01T10:31:13Z,3,257,-24.217112,30.946333
Lema,2000-01-01T10:31:16Z,3,259,-24.217154,30.946075
Lema,2000-01-01T10:31:20Z,3,255,-24.21722,30.945765
Lema,2000-01-01T10:31:23Z,3,255,-24.217278,30.945543
Lema,2000-01-01T10:31:27Z,2,261,-24.217323,30.945236
Lema,2000-01-01T10:31:30Z,2,254,-24.217377,30.945004
Lema,2000-01-01T10:31:34Z,3,262.9,-24.217407,30.944857
Lema,2000-01-01T10:31:38Z,3,252,-24.217451,30.944628
Lema,2000-01-01T10:31:41Z,3,254,-24.217518,30.944405
Lema,2000-01-01T10:31:45Z,3,255,-24.217566,30.944136
Lema,2000-01-01T10:31:49Z,3,252,-24.217648,30.943829
Lema,2000-01-01T10:31:52Z,3,256,-24.217695,30.943604
Lema,2000-01-01T10:31:57Z,3,252,-24.217775,30.943314
Lema,2000-01-01T10:32:00Z,3,254,-24.217833,30.943102
Lema,2000-01-01T10:32:04Z,3,256,-24.217913,30.94278
Lema,2000-01-01T10:32:07Z,3,255,-24.217958,30.94254
Lema,2000-01-01T10:32:11Z,3,255,-24.218037,30.942244
Lema,2000-01-01T10:32:14Z,3,254,-24.21808,30.942047
Lema,2000-01-01T10:32:18Z,3,264,-24.218107,30.941893
Lema,2000-01-01T10:32:21Z,3,261,-24.218136,30.941696
Lema,2000-01-01T10:32:24Z,3,259,-24.218157,30.941517
Lema,2000-01-01T10:32:27Z,2,255,-24.218197,30.941353
Lema,2000-01-01T10:32:31Z,3,253,-24.218252,30.941149
Lema,2000-01-01T10:32:35Z,2,257,-24.218307,30.940908
Lema,2000-01-01T10:32:38Z,2,260,-24.218338,30.940744
Lema,2000-01-01T10:32:41Z,3,251,-24.218376,30.940573
Lema,2000-01-01T10:32:45Z,3,252,-24.218449,30.940346
Lema,2000-01-01T10:32:49Z,3,258,-24.218494,30.940125
Lema,2000-01-01T10:32:52Z,3,254,-24.218546,30.93994
Lema,2000-01-01T10:32:55Z,3,258,-24.21858,30.939749
Lema,2000-01-01T10:32:59Z,3,254,-24.218636,30.939518
Lema,2000-01-01T10:33:03Z,3,255.1,-24.218687,30.93926
Lema,2000-01-01T10:33:06Z,3,252,-24.218737,30.939089
Lema,2000-01-01T10:33:09Z,3,256,-24.218794,30.938896
Lema,2000-01-01T10:33:12Z,3,253,-24.218838,30.938704
Lema,2000-01-01T10:33:16Z,3,257,-24.218891,30.938494
Lema,2000-01-01T10:33:19Z,3,253,-24.218927,30.938305
Lema,2000-01-01T10:33:22Z,2,259.9,-24.218975,30.938128
Lema,2000-01-01T10:33:26Z,3,255,-24.21902,30.937866
Lema,2000-01-01T10:33:29Z,3,254,-24.219074,30.937664
Lema,2000-01-01T10:33:32Z,3,256,-24.219122,30.937456
Lema,2000-01-01T10:33:36Z,3,252,-24.219189,30.937174
Lema,2000-01-01T10:33:39Z,3,252,-24.219255,30.936966
Lema,2000-01-01T10:33:43Z,3,257,-24.21932,30.936665
Lema,2000-01-01T10:33:47Z,3,257,-24.219374,30.936338
Lema,2000-01-01T10:33:51Z,3,258,-24.219427,30.936024
Lema,2000-01-01T10:33:55Z,3,251,-24.2195,30.935707
Lema,2000-01-01T10:33:59Z,2,254,-24.219584,30.935404
Lema,2000-01-01T10:34:03Z,3,257,-24.21966,30.935112
Lema,2000-01-01T10:34:06Z,3,256,-24.219707,30.934874
Lema,2000-01-01T10:34:10Z,3,261,-24.219755,30.934605
Lema,2000-01-01T10:34:13Z,3,257,-24.219774,30.934446
Lema,2000-01-01T10:34:16Z,3,246,-24.219816,30.934324
Lema,2000-01-01T10:34:20Z,3,255,-24.219875,30.93418
Lema,2000-01-01T10:34:23Z,3,263,-24.219896,30.934011
Lema,2000-01-01T10:34:27Z,3,243,-24.219976,30.933727
Lema,2000-01-01T10:34:30Z,3,261,-24.220036,30.933523
Lema,2000-01-01T10:34:33Z,3,260,-24.220062,30.933294
Lema,2000-01-01T10:34:37Z,3,256,-24.220133,30.932953
Lema,2000-01-01T10:34:41Z,3,253,-24.220207,30.932611
Lema,2000-01-01T10:34:45Z,3,259,-24.220282,30.932316
Lema,2000-01-01T10:34:48Z,3,250,-24.22032,30.93216
Lema,2000-01-01T10:34:52Z,3,257,-24.220402,30.931906
Lema,2000-01-01T10:34:55Z,3,257,-24.220455,30.93168
Lema,2000-01-01T10:34:59Z,3,255,-24.22052,30.931366
Lema,2000-01-01T10:35:03Z,3,253.7,-24.220568,30.931189
Lema,2000-01-01T10:35:06Z,3,260,-24.220580000000002,30.931086
Lema,2000-01-01T10:35:09Z,3,258,-24.220608,30.930904
Lema,2000-01-01T10:35:13Z,3,257,-24.220655,30.930653
Lema,2000-01-01T10:35:17Z,3,261,-24.220695,30.930412
Lema,2000-01-01T10:35:20Z,3,258,-24.220724,30.93024
Lema,2000-01-01T10:35:24Z,3,250,-24.22078,30.930029
Lema,2000-01-01T10:35:28Z,3,256,-24.220833,30.929832
Lema,2000-01-01T10:35:32Z,3,249,-24.22089,30.929594
Lema,2000-01-01T10:35:35Z,3,245,-24.220951,30.92944
Lema,2000-01-01T10:35:39Z,3,267,-24.221016,30.929214
Lema,2000-01-01T10:35:42Z,3,258,-24.221037,30.928991
Lema,2000-01-01T10:35:46Z,3,256,-24.221094,30.92873
Lema,2000-01-01T10:35:49Z,3,252,-24.221146,30.928553
Lema,2000-01-01T10:35:52Z,3,259,-24.221195,30.928356
Lema,2000-01-01T10:35:56Z,3,256,-24.221235,30.928076
Lema,2000-01-01T10:35:59Z,3,254,-24.22128,30.927906
Lema,2000-01-01T10:36:03Z,3,253,-24.221352,30.927635
Lema,2000-01-01T10:36:07Z,3,250,-24.221413,30.927418
Lema,2000-01-01T10:36:11Z,3,257,-24.221512,30.927114
Lema,2000-01-01T10:36:15Z,3,262,-24.221554,30.926798
Lema,2000-01-01T10:36:19Z,3,258,-24.221613,30.926497
Lema,2000-01-01T10:36:22Z,3,261,-24.221647,30.926268
Lema,2000-01-01T10:36:25Z,3,261,-24.221676,30.926056
Lema,2000-01-01T10:36:28Z,3,265,-24.221697,30.925863
Lema,2000-01-01T10:36:32Z,3,266,-24.221714,30.925625
Lema,2000-01-01T10:36:35Z,3,262,-24.221722,30.925438
Lema,2000-01-01T10:36:39Z,3,263,-24.221746,30.925194
Lema,2000-01-01T10:36:43Z,3,264,-24.22178,30.924932
Lema,2000-01-01T10:36:46Z,3,260.1,-24.221788,30.924711
Lema,2000-01-01T10:36:49Z,3,268,-24.221815,30.9245
Lema,2000-01-01T10:36:53Z,3,264,-24.221832,30.92425
Lema,2000-01-01T10:36:57Z,3,263,-24.221869,30.923971
Lema,2000-01-01T10:37:00Z,3,269.9,-24.221882,30.923763
Lema,2000-01-01T10:37:04Z,3,257,-24.2219,30.92351
Lema,2000-01-01T10:37:08Z,3,264,-24.22192,30.923267
Lema,2000-01-01T10:37:12Z,3,265,-24.221964,30.923033
Lema,2000-01-01T10:37:16Z,3,260,-24.221998,30.922785
Lema,2000-01-01T10:37:20Z,3,260,-24.222015,30.922512
Lema,2000-01-01T10:37:24Z,3,266,-24.222034,30.922272
Lema,2000-01-01T10:37:28Z,3,262,-24.222069,30.922005
Lema,2000-01-01T10:37:31Z,3,266,-24.222088,30.921783
Lema,2000-01-01T10:37:35Z,3,265,-24.222116,30.921434
Lema,2000-01-01T10:37:39Z,3,266,-24.22214,30.921124
Lema,2000-01-01T10:37:42Z,3,265,-24.222153,30.92096
Lema,2000-01-01T10:37:45Z,3,262,-24.222162,30.920769
Lema,2000-01-01T10:37:48Z,3,259,-24.222193,30.920595
Lema,2000-01-01T10:37:51Z,3,268,-24.222216,30.920444
Lema,2000-01-01T10:37:55Z,3,260,-24.22224,30.920193
Lema,2000-01-01T10:37:58Z,3,266,-24.22226,30.919996
Lema,2000-01-01T10:38:02Z,3,269,-24.222273,30.919737
Lema,2000-01-01T10:38:05Z,3,266,-24.22228,30.919548
Lema,2000-01-01T10:38:09Z,3,258,-24.222313,30.919315
Lema,2000-01-01T10:38:13Z,3,261,-24.222343,30.919151
Lema,2000-01-01T10:38:16Z,3,271,-24.222347,30.919024
Lema,2000-01-01T10:38:19Z,3,269,-24.222343,30.918863
Lema,2000-01-01T10:38:23Z,3,268,-24.222351,30.918568
Lema,2000-01-01T10:38:26Z,3,268,-24.22236,30.918377
Lema,2000-01-01T10:38:30Z,3,259,-24.222374,30.918194
Lema,2000-01-01T10:38:34Z,3,263,-24.2224,30.917973
Lema,2000-01-01T10:38:37Z,3,260,-24.222427,30.917751
Lema,2000-01-01T10:38:40Z,3,265,-24.222448,30.917597
Lema,2000-01-01T10:38:44Z,3,262,-24.222475,30.917376
Lema,2000-01-01T10:38:47Z,3,266,-24.222486,30.917196
Lema,2000-01-01T10:38:50Z,3,263,-24.222506,30.916962
Lema,2000-01-01T10:38:53Z,3,262,-24.222528,30.916754
Lema,2000-01-01T10:38:57Z,3,271,-24.222548,30.916475
Lema,2000-01-01T10:39:01Z,3,261,-24.222565,30.916197
Lema,2000-01-01T10:39:04Z,3,260,-24.222605,30.915998
Lema,2000-01-01T10:39:07Z,3,267,-24.22263,30.915754
Lema,2000-01-01T10:39:10Z,3,265,-24.22264,30.915524
Lema,2000-01-01T10:39:14Z,3,234,-24.222702,30.915298
Lema,2000-01-01T10:39:18Z,3,195,-24.222864,30.915173
Lema,2000-01-01T10:39:22Z,3,178,-24.22308,30.915176
Lema,2000-01-01T10:39:26Z,3,177,-24.223335,30.915192
Lema,2000-01-01T10:39:29Z,3,174,-24.223536,30.915209
Lema,2000-01-01T10:39:32Z,4,176,-24.223732,30.915226
Lema,2000-01-01T10:39:35Z,3,176,-24.22392,30.91524
Lema,2000-01-01T10:39:39Z,3,179,-24.224169,30.915249
Lema,2000-01-01T10:39:42Z,3,176,-24.224352,30.915257
Lema,2000-01-01T10:39:45Z,3,180,-24.224504,30.91527
Lema,2000-01-01T10:39:49Z,3,176,-24.22466,30.91528
Lema,2000-01-01T10:39:53Z,2,181,-24.224878,30.915283
Lema,2000-01-01T10:39:56Z,3,175,-24.225042,30.915289
Lema,2000-01-01T10:39:59Z,3,174.9,-24.22514,30.915298
Lema,2000-01-01T10:40:03Z,3,178,-24.225315,30.91531
Lema,2000-01-01T10:40:06Z,3,181,-24.225445,30.91531
Lema,2000-01-01T10:40:10Z,4,170.4,-24.225613,30.915312
Lema,2000-01-01T10:40:14Z,3,174,-24.22578,30.915337
Lema,2000-01-01T10:40:17Z,3,179,-24.225927,30.91534
Lema,2000-01-01T10:40:21Z,3,177,-24.226156,30.915352
